mouse	condition	intensity	protein
1	Control	4.72201750006822	protein1
2	Control	5.60882580096653	protein1
3	Control	5.9839255806372	protein1
4	Control	4.51430175642171	protein1
5	Control	5.68783253532722	protein1
1	Treated	5.4537856593608	protein1
2	Treated	6.523789831716	protein1
3	Treated	6.2346235848249	protein1
4	Treated	5.31294910459985	protein1
5	Treated	6.09404506788352	protein1
